id,firstName,lastName,age
1,Dotty,O'Shesnan,45
2,Willabella,Stormont,58
3,Isidore,Formby,55
4,Weston,Grimwood,83
5,Gil,Fabry,77
6,Keen,Hinkensen,19
7,Sorcha,Broschke,39
8,Vincents,Sprake,46
9,Fabien,Lightollers,78
10,Pepe,Baudinelli,37
11,Jobina,Facchini,58
12,Misty,Jewitt,76
13,Maryjo,Mackinder,32
14,Royall,Mohan,39
15,Beale,Covington,64
16,Lurline,Goodbarr,41
17,Bobina,Brende,75
18,Romain,Cassedy,59
19,Lea,Downham,82
20,Korey,Larrosa,18
21,Danya,Gooderridge,33
22,Damian,Trusler,63
23,Corinna,Bydaway,20
24,Maude,Dybell,23
25,Paige,Grange,56
26,Timmi,Searchwell,30
27,Des,Waldocke,67
28,Dotty,Relf,20
29,Jessika,Rodnight,54
30,Mariel,McCart,59
31,Sharity,Popham,72
32,Andrew,Hallam,40
33,Harri,Flintoft,41
34,Zach,Duchesne,28
35,Yorgos,Checchi,34
36,Minny,McGinney,51
37,Iolande,Tamblyn,70
38,Quintana,Peele,19
39,Gillan,Andrejevic,74
40,Rhona,De Brett,29
41,Malina,Gudd,31
42,Clayson,Ible,32
43,Renate,Hallor,27
44,Carter,Chapell,20
45,Barbaraanne,Gawthorpe,48
46,Ellary,Taylour,43
47,Troy,Rontree,18
48,Lexine,Foley,37
49,Reid,Teers,51
50,Lavinia,Fitzsymonds,46
51,Annabela,Jurczyk,73
52,Aaren,Glyn,27
53,Kenon,Lorey,53
54,Flore,Aingell,26
55,Trey,Shmyr,47
56,Nadean,Harg,47
57,Ira,Jimenez,50
58,Regine,Hulbert,58
59,Maddy,Booty,24
60,Perkin,Popelay,46
61,Malva,Outibridge,82
62,Andriana,Spadari,59
63,Aldwin,Cory,27
64,Emmye,Kesterton,21
65,Moise,McCuish,33
66,Alex,Bunch,53
67,Marty,Griffitt,41
68,Marje,Carillo,75
69,Quillan,Aked,55
70,Isador,Lidell,34
71,Diena,Phizacklea,75
72,Kettie,Perrie,39
73,Pren,Weeks,68
74,Franny,Earland,55
75,Junette,Redsull,76
76,Nanci,Brimmell,75
77,Lynn,Groll,52
78,Harriet,Meryett,68
79,Pearle,Yeell,78
80,Anthia,Backs,64
81,Gilberto,Tarney,73
82,Cristal,Garrique,69
83,Juieta,Etherington,67
84,Darb,Maunton,61
85,Max,Kowal,67
86,Edythe,Kohrs,62
87,Elden,Dearman,65
88,Celina,Gravett,25
89,Marcela,Wroughton,82
90,Keriann,Girault,54
91,Zackariah,Durand,45
92,Gerrilee,Burchett,64
93,Stafani,Mattaus,55
94,Diann,Thomlinson,19
95,Falkner,Marklew,37
96,Adrien,Pendre,20
97,Aleece,Harfoot,52
98,Caryl,Dootson,76
99,Anetta,Ramsbottom,81
100,Rayna,Bass,34
101,Rosco,Franzonetti,82
102,Cyndy,Gencke,63
103,Iain,Goundry,28
104,Ranee,Brotheridge,71
105,Elias,Ballendine,21
106,Thomas,Boal,76
107,Shela,Charopen,78
108,Giustina,Calvey,34
109,Ozzy,Grayshon,81
110,Carlita,Keuntje,60
111,Aveline,Eingerfield,39
112,Codie,Longbone,20
113,Palmer,Abramsky,49
114,Genovera,Say,61
115,Gale,Cuming,37
116,Phaedra,Dealey,39
117,Cass,Wilcox,53
118,Antone,McFarland,63
119,Raimundo,Dimock,64
120,Berky,Gurdon,46
121,Eartha,Mungane,38
122,Lorrin,Ackeroyd,48
123,Althea,Oswal,60
124,Axel,Buxcy,64
125,Abel,Blazic,26
126,Ham,Whiles,72
127,Bell,Klossmann,36
128,Beryle,Longthorn,36
129,Angel,Rosentholer,83
130,Bernie,Denk,75
131,Ulric,Seton,57
132,Fairleigh,Whittenbury,42
133,Yuri,Di Biaggi,58
134,Sybyl,Hancell,53
135,Jackqueline,Gypson,48
136,Esdras,Esche,40
137,Troy,Borgne,32
138,Eden,Richardet,63
139,Reagen,Bartolomieu,44
140,Giffy,Haggerty,79
141,Betsy,Wontner,54
142,Charmane,Mungan,75
143,Yovonnda,Knott,40
144,Gustave,Pays,70
145,Rodolph,Brydell,75
146,Dex,Matejka,54
147,Mariejeanne,Benallack,67
148,Dud,Poulglais,75
149,Shepperd,Mayler,50
150,Dave,Gebby,31
151,Dwight,Leverson,39
152,Jerry,Liccardo,20
153,Cad,Spoole,58
154,Wallace,Littlemore,80
155,Lammond,Chatterton,80
156,Georges,Felton,67
157,Noella,James,64
158,Glenden,Domnin,72
159,Ivor,Tredgold,54
160,Tatiania,Cavy,39
161,Belva,Mayou,38
162,Mathew,Van de Vlies,52
163,Adriaens,Piffe,30
164,Christalle,Rabbage,82
165,Keelia,Clyne,72
166,Bidget,Disney,39
167,Derry,Fockes,59
168,Bryanty,Mitchall,65
169,Babs,Jenny,19
170,Latia,Blewett,66
171,Alecia,Gravell,64
172,Emmery,Bonelle,50
173,Sebastien,Lamplough,50
174,Allie,Adnet,65
175,Marrilee,Gerg,22
176,Bibby,Bus,54
177,Giralda,Cuffe,85
178,Jens,Groom,18
179,Marlowe,Leeburn,69
180,Eduino,Wooding,76
181,Devy,Boddis,54
182,Olivier,Ramsbotham,37
183,Galvin,Juhruke,47
184,Cybil,Dunsmore,78
185,Clarita,Matherson,73
186,Marita,Monckman,46
187,Venita,Carrett,24
188,Marcy,Coil,49
189,Frederick,Upcott,24
190,Garreth,Peggram,53
191,Gustavus,Simnor,33
192,Virgina,Simmen,82
193,Luci,Darthe,49
194,Darla,Normanville,27
195,Karen,Heffy,52
196,Stanislaus,Bennis,66
197,Lazare,Shillabeer,45
198,Anatola,Borell,58
199,Raul,Carslaw,71
200,Audi,Midgely,73
201,Emmaline,Ruxton,41
202,Kevin,Vasyatkin,58
203,Jeremy,Bartot,75
204,Bond,Trahair,70
205,Gayle,Sotheby,61
206,Mildrid,Girardez,45
207,Ricard,Cockrill,56
208,Modestine,Celand,79
209,Francyne,Martina,32
210,Charlene,Villaron,60
211,Milka,Libermore,59
212,Augusta,Scalia,38
213,Bab,Scallon,78
214,Virgie,Van Hesteren,25
215,Adelice,Borthe,41
216,Rosaline,Downey,84
217,Nannette,Crosseland,70
218,Dot,Yankov,62
219,Vannie,Divis,66
220,Georgena,Chipman,19
221,Marys,Palister,49
222,Derwin,Lavers,82
223,Carlie,Goldis,23
224,Thebault,Lackie,25
225,Peggie,Bretton,46
226,Cloe,Edlington,66
227,Webster,Yegorshin,47
228,Natty,Carryer,79
229,Devi,Lammin,32
230,Elaina,Burstow,50
231,Moses,Whyler,39
232,Alfi,Prettyjohn,46
233,Sayre,MacEveley,45
234,Gerrie,Grog,47
235,Jud,Sones,68
236,Loralie,Chevis,19
237,Aundrea,Sowrey,73
238,Gustaf,Billo,59
239,Waldo,Bearblock,80
240,Roger,Britto,71
241,Jesse,Matthew,27
242,Jami,Millsom,77
243,Monique,Lovelace,49
244,Edward,Keppy,62
245,Bibi,Hastwell,22
246,Inglis,Dunbleton,23
247,Aili,Richens,70
248,Horatio,Ranald,19
249,Myra,Vinnick,70
250,Gwyn,Pumphrey,21
251,Boy,Whitechurch,55
252,Annabelle,Coultas,23
253,Rubina,McIlvoray,27
254,Frederick,Baulch,28
255,Leyla,Bunning,53
256,Joscelin,Syvret,53
257,Quent,Slocum,75
258,Natka,Lannon,57
259,Westleigh,Linke,43
260,Hilde,Ace,24
261,Brinn,Trimnell,79
262,Henriette,Tersay,77
263,Jilly,Lundberg,41
264,Cordy,Giblin,53
265,Karon,Pyford,20
266,Jessa,Mulliss,46
267,Frannie,Pablos,79
268,Lydia,Rickersey,85
269,Pet,Matignon,45
270,Rolf,Nan Carrow,22
271,Othella,Wibrew,61
272,Giovanna,Zywicki,25
273,Jobye,Champagne,50
274,Inglis,Veall,32
275,Ambrose,Madden,57
276,Corney,Fowell,22
277,Barnie,Parades,38
278,Shanta,Lavallin,27
279,Brittni,Gritsaev,70
280,Tomi,Goodhall,27
281,Karleen,Summerson,44
282,Letti,Colwill,22
283,Keven,Dilleway,45
284,Murial,Packham,21
285,Gavin,Elgood,68
286,Carlynn,De Cruce,66
287,Tamqrah,Bottini,29
288,Walliw,Whitebread,50
289,Rodrigo,Koppe,78
290,Shanda,Lyle,54
291,Jessie,Epine,28
292,Dana,Bertomeu,37
293,Yorke,Chasles,32
294,Harlen,Keary,26
295,Johnna,MacBrearty,32
296,Bamby,Howlett,43
297,Kasey,McIlwreath,43
298,Harv,Cattini,36
299,Elnora,Camsey,24
300,Darrel,Parkman,53
301,Cosimo,Hopfner,21
302,Elora,Footer,28
303,Carena,Full,24
304,Claresta,Kave,24
305,Dalenna,Durrett,69
306,Blanche,Snalom,63
307,Remy,Roxburch,24
308,Christan,Belchamber,37
309,Isador,Flood,60
310,Orbadiah,Tieraney,24
311,Daryl,Daal,56
312,Beulah,Kleingrub,64
313,Travers,Calway,19
314,Law,Duinkerk,32
315,Paule,Rowter,30
316,Siobhan,Ilyinykh,70
317,Frasier,Filov,60
318,Marlyn,Splevins,44
319,Jaquenette,Wadeson,44
320,Mathian,Bootherstone,83
321,Killian,Calladine,80
322,Terry,Habbin,34
323,Basile,Von Helmholtz,80
324,Yehudit,ffrench Beytagh,39
325,Eilis,Van Leeuwen,82
326,Gherardo,Ivanets,55
327,Alonzo,Strowlger,76
328,Ellette,Mattussevich,40
329,Holly,Hanscome,38
330,Vivie,Kynder,54
331,Randene,Dunn,47
332,Travus,Colmer,30
333,Oliviero,Wemm,63
334,Lonnard,Vasilic,35
335,Zoe,Chaddock,30
336,Genvieve,Wohlers,38
337,Georgeanna,Carress,65
338,Felizio,Lamborne,20
339,Milissent,Carayol,58
340,Loella,Knaggs,48
341,Binnie,Burbudge,54
342,Bryant,Swiers,82
343,Whittaker,Tabbernor,52
344,Bendicty,Poyser,66
345,Hagen,Snazle,45
346,Doralia,Lafflina,39
347,Jarrad,Gascoyen,67
348,Hillary,Reidshaw,42
349,Sharl,Elcoux,43
350,Joleen,Weightman,69
351,Leonid,Drummer,34
352,Ruthann,Bleesing,42
353,Gale,Browse,72
354,Jacenta,Zavittieri,73
355,Guido,Havesides,23
356,Rosella,Worham,33
357,Patrice,Kirgan,54
358,Pierre,Pinckstone,79
359,Erv,Gostall,80
360,Kermy,Dyet,79
361,Hendrik,Lane,46
362,Tracey,Eicke,22
363,Crystal,Mullally,32
364,Mathian,Ions,47
365,Cariotta,Barthram,55
366,Eunice,Marzelli,37
367,Alick,Rolling,85
368,Bay,Wadsworth,25
369,Maurice,Klaaassen,54
370,Waldo,Stiles,29
371,Cordula,Rice,75
372,Coletta,Rumgay,55
373,Joanne,Johnston,49
374,Isidro,Biggins,54
375,Iormina,Pilkington,58
376,Brooke,Fey,45
377,Eddi,Riccardelli,80
378,Darb,Presslee,67
379,Karita,Moffatt,75
380,Jolene,Aingel,28
381,Corenda,Hugle,55
382,Rahel,Spinney,63
383,Aloisia,MacKettrick,60
384,Alva,Lote,53
385,Bibbie,Archdeckne,26
386,Brenn,Dybell,28
387,Claiborn,Proswell,20
388,Elfreda,McGaffey,33
389,Panchito,Bowstead,22
390,Helyn,Wathell,67
391,Cecil,Kleisel,47
392,Jacquette,Silson,57
393,Vonni,Verrill,48
394,Carlo,McCory,65
395,Xenos,Gooderridge,38
396,Antonino,Farryn,50
397,Brady,Penhalurick,74
398,Keelia,January,75
399,Ganny,Bottinelli,34
400,Jecho,Povele,52
401,Dela,Christofol,19
402,Murry,Smeeth,50
403,Martin,Rann,74
404,Ade,Bullant,85
405,Orland,Columbell,35
406,Gabriell,Wookey,51
407,Maxy,Darben,18
408,Venita,Haxley,40
409,Veronike,Lunn,54
410,Arturo,Mc Gaughey,50
411,Holly,Haskew,58
412,Durward,Gebb,67
413,Ferdinanda,Sones,21
414,Richy,Leake,38
415,Gayler,Stonhard,65
416,Danica,McCrackem,62
417,Russ,Windous,24
418,Ricca,Pellingar,52
419,Obie,Lowdes,19
420,Phip,Elsley,67
421,Corine,La Wille,81
422,Leopold,Vinas,34
423,Regine,Yule,58
424,Marrilee,Febry,32
425,Caril,Zecchini,44
426,Allyn,Exon,33
427,Dulcine,Longstaffe,68
428,Kathye,Marie,47
429,Stu,Weatherburn,69
430,Daisy,Bohler,19
431,Brockie,Giannini,49
432,Addy,Leverington,32
433,Bondon,Burger,36
434,Fred,Meigh,82
435,Carson,Filtness,29
436,Benji,Leyrroyd,84
437,Grier,Dybbe,39
438,Zarah,McCluskey,32
439,Doria,Gorsse,72
440,Lind,Casin,42
441,Lancelot,De la Yglesias,69
442,Chic,Edmands,46
443,Adel,Clamo,59
444,Krystyna,Alvis,25
445,Lloyd,Vairow,38
446,Pearline,Heckner,36
447,Merna,Weerdenburg,66
448,Rafa,Aspenlon,72
449,Cornela,Hazeldine,39
450,Bridget,Spurling,27
451,Emalee,Keepence,25
452,Karlis,Diplock,18
453,Ryun,Tiron,28
454,Olga,O'Hagerty,24
455,Glynn,Janaway,48
456,Raff,Stute,63
457,Hermina,Kassel,31
458,Gilberto,Lampens,42
459,Devy,Rennock,82
460,Chad,Huriche,39
461,Maxie,Fruish,58
462,Winn,Billion,35
463,Gus,Quesne,54
464,Page,Barrington,71
465,Geoff,Furminger,63
466,Boote,Hallifax,72
467,Jessie,Gerok,51
468,Marty,Murrison,65
469,Kissie,Baylie,31
470,Vinni,Harken,78
471,Patti,Swanson,19
472,Viva,Amoss,21
473,Alden,Lafayette,24
474,Trista,Mulgrew,84
475,Lorry,Petriello,42
476,Hannah,Usherwood,66
477,Benni,Esposito,35
478,Gaby,Pullman,64
479,Pernell,Seleway,60
480,Dino,Renney,42
481,Giffer,Craney,46
482,Falito,Conaboy,40
483,Venus,Flexman,68
484,Adrienne,Bourdon,61
485,Nikita,Smalcombe,77
486,Patty,Gierek,18
487,Andy,Gahan,44
488,Clarabelle,Cometto,60
489,Harland,Stabbins,26
490,Eleonora,Dovidian,48
491,Jacob,Dun,23
492,Fairlie,Wetherald,73
493,Adair,Ibbeson,68
494,Lorens,McKenny,54
495,Lennie,Stidston,71
496,Rosalyn,Dallander,79
497,Yoshiko,Bello,19
498,Marcos,Shadrack,85
499,Maryanne,Pinilla,63
500,Martyn,Raycroft,66
501,Rolland,Johanning,67
502,Em,Moring,22
503,Reynold,Sanders,46
504,Guendolen,Blazewicz,83
505,Iolande,McNeill,54
506,Rozele,Dulson,74
507,Benyamin,MacFarland,27
508,Town,Whittock,69
509,Beniamino,Sobey,46
510,Jaquith,Lissett,32
511,Rowland,Hanbury,80
512,Sari,Daburn,45
513,Ambrosius,Kalewe,70
514,Kandace,Jindracek,49
515,Rudiger,Unstead,79
516,Kinnie,Momery,77
517,Wang,Serrels,50
518,Billi,Grimestone,41
519,Ronna,Trustie,83
520,Cherri,Goathrop,82
521,Wilt,Bockman,61
522,Kissie,Cronin,21
523,Letitia,Betteson,27
524,Yetta,Sedgefield,38
525,Gardner,Rowney,23
526,Isac,Fagge,42
527,Reiko,Elt,62
528,Thedric,Jahnke,59
529,Ranice,Verdey,30
530,Mahmoud,MacParland,85
531,Thor,Cassius,72
532,Haley,Wynne,45
533,Charmane,Powter,46
534,Logan,Melladew,42
535,Torin,Doumic,40
536,Stan,Poetz,69
537,Cleopatra,Hamill,76
538,Mara,Sidgwick,80
539,Malva,Tipling,32
540,Hedvige,Firks,57
541,Merle,Buckles,78
542,Emmi,Dyment,62
543,Krysta,Hiscocks,30
544,Melamie,Kirkup,82
545,Stern,Ottley,24
546,Lorianna,Isgar,32
547,Terry,Forlong,37
548,Ferrell,Kinavan,82
549,Rosanne,Godlip,55
550,Giffy,Paskin,37
551,Kara-lynn,Jenman,21
552,Blaine,Fogel,30
553,Conway,Rosser,63
554,Caro,De Clairmont,35
555,Angel,Edler,46
556,Dore,Dunning,64
557,Thorin,Nanson,66
558,Laverne,Gladdifh,79
559,Jen,Branscomb,71
560,Barnaby,Friskey,66
561,Odette,Moodycliffe,48
562,Derril,Douberday,63
563,Torey,Govini,80
564,Lazarus,Rickell,85
565,Tessie,Truce,70
566,Irvin,Askey,31
567,Danna,Fonzone,55
568,Goldia,Heustice,58
569,Fionna,Gever,24
570,Stephanus,Fulks,43
571,Eddie,Swanton,20
572,Tiebout,Mapis,69
573,Theobald,Weiss,37
574,Nicky,Osmant,18
575,Neal,Roze,71
576,Gretal,Bodell,45
577,Danny,Bellie,63
578,Hendrika,Dufer,20
579,Shelly,Allard,22
580,Daphne,McCathay,27
581,Othilie,Kinnett,24
582,Cordelia,Cardenoso,66
583,Deanne,Denington,49
584,Thatch,Swinnard,25
585,Randolf,Lecointe,52
586,Taddeusz,Hatherleigh,80
587,Willdon,Preddle,41
588,Carri,Gratland,69
589,Alis,Tilbrook,24
590,Lana,Le Grys,59
591,Marley,Jovicic,40
592,Colas,Liggett,55
593,Tiphani,Deuss,85
594,Doreen,Westmoreland,31
595,Thorvald,Geeritz,76
596,Esmaria,Teggart,39
597,Joanie,Baldazzi,51
598,Roosevelt,Bare,75
599,Belle,McMeanma,28
600,Cherie,Rasell,23
601,Huey,Aldgate,37
602,Yoshiko,Lorenc,66
603,Romona,Ruske,77
604,Giacobo,Croan,45
605,Winny,Sanz,27
606,Les,Sans,38
607,Bartlet,Darnody,38
608,Prissie,Ricciardelli,39
609,Camella,Leroux,79
610,William,O'Kielt,49
611,Peggy,Winterbourne,22
612,Johann,Bente,52
613,Alisander,Mattheissen,63
614,Nicoline,Woolatt,47
615,Marketa,Byers,73
616,Byron,Geffcock,45
617,My,Shawley,56
618,Tonye,Bysaker,70
619,Dael,Gagie,81
620,Oran,Bartul,81
621,Iolanthe,Morehall,64
622,Erna,Diviney,20
623,Wendie,Primak,74
624,Basilius,Kopacek,78
625,Edythe,Divill,77
626,Frances,Winnard,53
627,Coral,Doud,26
628,Maximilien,Vedenyapin,51
629,Bayard,Iddiens,29
630,Tatiania,Staries,71
631,Lizbeth,Dodds,67
632,Carry,Le Brum,63
633,Earle,Marsy,66
634,Fabe,Pamphilon,56
635,Abba,Hearnden,68
636,Gaile,Castri,85
637,Currie,Plaistowe,66
638,Carling,Budden,58
639,Valry,Roux,36
640,Timmy,Bulpitt,20
641,Ekaterina,Martelet,44
642,Stephi,Lisamore,61
643,Martie,Trout,68
644,Gaspard,Shipcott,74
645,Damiano,Trinder,35
646,Darci,Feldklein,58
647,Willabella,Backe,28
648,Leonore,Bakesef,46
649,Nonie,Hallums,53
650,Ive,Ayer,31
651,Bianca,Wolfit,25
652,Lucky,Hawksley,35
653,Waneta,Chantrell,68
654,Nicolai,Spire,50
655,Philip,O'Meara,62
656,Lezley,Willstrop,38
657,Wally,Gaine,73
658,Waldon,Twoohy,56
659,Sandie,Petersen,46
660,Franciska,Antonucci,57
661,Ricky,Maidstone,59
662,Costanza,VanBrugh,19
663,Patricia,Downgate,83
664,Shanta,Birkmyr,64
665,Eduard,Peile,29
666,Tuesday,Hanrott,68
667,Modesta,Bloxland,28
668,Octavia,Godfroy,55
669,Jazmin,Vibert,58
670,Arv,Mealing,49
671,Marijo,Yannoni,81
672,Rollins,Cessford,23
673,Mallory,Baptie,30
674,Quint,Ballach,79
675,Mateo,Thomas,85
676,Querida,Halshaw,54
677,Godfree,Gallaher,79
678,Mattie,Hundy,63
679,Carolan,Hecks,85
680,Ulrikaumeko,Simonich,24
681,Devon,Van der Krui,21
682,Tiffi,Huson,28
683,Addison,Gibbon,84
684,Garvy,Powley,42
685,Jsandye,Huthart,26
686,Elsy,Tiernan,85
687,Oran,Hewson,68
688,Luciana,Eads,39
689,Nanette,Dunklee,54
690,Gwynne,Goodbody,51
691,Arnold,Breward,29
692,Simmonds,Zincke,39
693,Kimberly,Embleton,19
694,Phedra,Dumsday,21
695,Brewer,Grimsdith,60
696,Ulberto,Fayerbrother,36
697,Aaron,Gerardin,30
698,Hymie,Fairchild,79
699,Cordula,Ayliff,19
700,Junia,Eliassen,43
701,Annelise,Haswell,28
702,Fedora,Scalera,33
703,Minor,Utteridge,52
704,Gennifer,Rayne,55
705,Muffin,Bowyer,67
706,Phyllis,Shelmardine,48
707,Starlin,Pyatt,53
708,Tressa,Degg,68
709,Nealon,Lonsdale,26
710,Clari,Cotgrave,29
711,Kenton,McGonagle,51
712,Isabeau,Sivewright,50
713,Carr,Medgwick,28
714,Elwin,Worley,79
715,Giulio,MacDonnell,66
716,Webb,Menzies,54
717,Dita,Isacoff,72
718,Burl,Truscott,44
719,Fifine,Hewell,32
720,Dniren,Gerritsma,82
721,Saw,Peer,35
722,Cristian,Downgate,43
723,Karel,Richardon,83
724,Abey,Stickland,63
725,Deedee,Devinn,85
726,Miquela,Kearford,54
727,Angelico,Lydford,35
728,Candie,Fareweather,44
729,Georgiana,MacGowing,47
730,Caterina,Menaul,77
731,Adore,Jackman,46
732,Bayard,Horstead,42
733,Jean,Blunderfield,36
734,Dede,Cracknell,49
735,Walt,Jolliss,74
736,Godiva,Skentelbury,48
737,Gaven,Mealand,81
738,Flint,Scohier,23
739,Rozele,McIvor,23
740,Muriel,Humby,85
741,Bennett,Brigden,31
742,Catlin,Guilloud,39
743,Serge,Vedstra,80
744,Obadias,Aiken,81
745,Tillie,Sycamore,78
746,Nealy,Lineker,85
747,Marin,Caren,75
748,Jonathon,Sellers,40
749,Giulia,Aleksandrev,78
750,Orelie,Killick,55
751,Binni,Petraitis,38
752,Lodovico,Riggey,59
753,Stormy,Breckenridge,36
754,Leta,Millea,48
755,Myrta,Phizakarley,76
756,Paolo,Juorio,61
757,Pattie,Barnwall,49
758,Sherye,Batistelli,57
759,Doralia,Eddington,19
760,Fredericka,Oliphant,23
761,Rhetta,Tregenza,74
762,Melessa,Rounds,37
763,Kelly,Lelliott,71
764,Tabbatha,Grimsell,76
765,Alanah,Brauner,73
766,Syd,Drane,72
767,Cherin,McDermott-Row,53
768,Shalom,Aspin,33
769,Thomasa,Dugmore,52
770,Germain,Barnewelle,61
771,Joceline,Trebilcock,69
772,Bourke,Cicconetti,73
773,Stormie,Tocqueville,31
774,Mort,Annatt,49
775,Tymothy,Beams,21
776,Shepherd,Sphinxe,26
777,Christoffer,Rennebach,54
778,Maddie,Musto,19
779,Halsey,Van der Kruys,42
780,Colly,Gianolo,64
781,Sandor,Grahame,24
782,Amby,Beedon,67
783,Caddric,Rau,40
784,Jacquelyn,Boast,31
785,Axe,Vernau,22
786,Latrena,Fantin,48
787,Rianon,Newtown,37
788,Leilah,Eunson,37
789,Raoul,Kinghorne,67
790,Hans,Rowles,21
791,Sayre,Launder,81
792,Brander,Berndtssen,57
793,Kary,Escalero,35
794,Mayor,Baff,35
795,Dayle,Jarrelt,35
796,Paula,Elleton,36
797,Valentine,Brislane,77
798,Thain,Beadell,30
799,Karlee,Hammonds,67
800,Wallie,Caron,66
801,Johnna,Emloch,24
802,Chan,Marjanovic,50
803,Melba,Raccio,39
804,Casey,Brizland,78
805,Royce,Filip,52
806,Bree,Pocknoll,81
807,Waring,Oosthout de Vree,66
808,Jordana,Toe,58
809,Frank,Maunder,23
810,Clareta,Couchman,69
811,Genevra,Leinthall,53
812,Marcelle,Helliwell,81
813,Nonie,Squirrel,71
814,Owen,Goodburn,62
815,Calla,Ferrarello,80
816,Dur,Marchello,46
817,Dewain,Autie,48
818,Benjamen,Baumert,63
819,Stefanie,Gawthrop,75
820,Cody,Shanahan,49
821,Bobbie,Biagioni,62
822,Hubey,Alldritt,45
823,Brigitte,Lagden,60
824,Saw,Brendish,54
825,Lauren,Gossage,54
826,Babb,Aspell,33
827,Selby,Gutteridge,39
828,Frank,Leband,47
829,Victoria,Dyott,19
830,Edie,Wabersich,25
831,Kimberley,Mesias,56
832,Morey,Coweuppe,45
833,Ax,O'Brogan,37
834,Boyce,Bruckshaw,83
835,Rosa,Clyma,83
836,Kelci,Drynan,59
837,Holly,Djorevic,30
838,Daron,Okie,76
839,Ralf,Tappor,24
840,Griz,Ferronier,26
841,Sherill,Bettaney,44
842,Sharona,Mathely,50
843,Aldridge,Nystrom,74
844,Oberon,Bale,31
845,Dalila,Ditch,46
846,Drake,Finden,40
847,Abbi,Audiss,33
848,Duane,Tooker,43
849,Aristotle,Milvarnie,85
850,Tiertza,Hamlin,67
851,Leela,Figure,32
852,Zebadiah,Crighten,57
853,Foster,Extil,51
854,Adara,Blois,84
855,Way,Matley,47
856,Arielle,Lydden,43
857,Karoly,Schukraft,18
858,Dicky,Cheston,59
859,Roz,Hammond,58
860,Lucais,Tortoise,28
861,Hermia,Messham,63
862,Maiga,Reihm,29
863,Elias,Aldus,85
864,Birgit,Carvil,82
865,Jonas,Monk,76
866,Bibbye,Simson,38
867,Alie,Dallaghan,38
868,Launce,Algy,76
869,Eda,Jezard,19
870,Ruperta,Stevings,24
871,Mathias,Palfreeman,36
872,Frayda,Hazlegrove,55
873,Tressa,Arch,31
874,Burtie,Snooks,26
875,Wilfred,March,48
876,Florinda,Lingard,61
877,Henka,Giorgioni,85
878,Charlotte,MacMurray,45
879,Cesare,Sampey,65
880,Redford,Perell,33
881,Gratia,Saggs,20
882,Jerry,Bartke,72
883,Dwayne,Beig,76
884,Carma,Iacobini,33
885,Adaline,Rapin,29
886,Beatrice,Germain,56
887,Sigfried,Tempest,62
888,Conny,Broadberry,62
889,Evangelin,Smithson,79
890,Adrianna,Swannell,36
891,Sianna,Harnor,83
892,Dimitri,Meddemmen,65
893,Rodina,Shortt,55
894,Sayre,Matusson,60
895,Morena,Tapsfield,61
896,Mandi,Linguard,80
897,Frederico,Knutsen,55
898,Marcello,Dorkens,56
899,Marna,Stede,32
900,Doti,McKimmey,31
901,Garek,Cabral,83
902,Garek,Leghorn,84
903,Lorilee,Nurdin,35
904,Peggi,Marunchak,58
905,Silvana,Gregol,25
906,Raleigh,Switland,29
907,Kristofor,Robbs,85
908,Addy,Benes,79
909,Jermayne,Heilds,48
910,Joline,Jubert,29
911,Abbey,Kalinowsky,49
912,Gerhardt,MacAughtrie,36
913,Isidore,Margery,46
914,Ashlan,Laughnan,35
915,Estel,Backshall,28
916,Cate,Allderidge,54
917,Dniren,Escudier,84
918,Joshuah,Elder,85
919,Haily,Peppin,38
920,Arlin,Philipp,23
921,Wilone,Doudney,21
922,Rikki,Tunnoch,72
923,Arri,Mudd,60
924,Clemence,Antrobus,68
925,Isabelita,Hannond,51
926,Bernetta,Hadgraft,75
927,Elvira,Langeley,38
928,Camey,Vasic,39
929,Alayne,Dake,43
930,Remy,Clay,20
931,Werner,Curphey,72
932,Padraic,Erlam,55
933,Guglielma,Kitchiner,31
934,Delano,Joselevitz,40
935,Gardie,Rodolico,61
936,Tracie,Puddifer,31
937,Silvain,Blaisdell,84
938,Carey,Shepton,47
939,Myrlene,McKew,34
940,Harley,Arkill,84
941,Payton,Falvey,79
942,Carlee,Crowley,61
943,Elinore,Dimic,60
944,Hillary,MacFarlane,44
945,Sherill,Buddell,24
946,Frederica,Kinghorne,31
947,Mavis,Robberts,80
948,Ellissa,Cobby,42
949,Rozamond,Tolomio,45
950,Moyna,Blader,69
951,Mathilde,Lineker,20
952,Cordy,Edson,21
953,Zia,Maccrie,66
954,Umeko,Cartwight,38
955,Bonnibelle,Benedettini,23
956,Daniele,Dankov,39
957,Terza,Bernaldez,66
958,Gigi,Courteney,54
959,Zak,Gilbanks,65
960,Rodney,Van Vuuren,30
961,Blair,Couves,56
962,Darelle,Scholcroft,18
963,Gwendolin,Dummigan,60
964,Codi,Juliano,66
965,Annabal,Vittet,40
966,Timmi,Hegarty,54
967,Bellina,Pesik,53
968,Pauly,Sutch,39
969,Melissa,Gytesham,72
970,Shae,Crux,66
971,Bobbie,Andrieu,60
972,Justinn,Camm,50
973,Trish,Sangwine,34
974,Lorine,Walliker,34
975,Marcello,Brettor,41
976,Jules,Snelgar,28
977,Viviyan,Keetch,82
978,Otto,Spelsbury,78
979,Mellisa,Rance,60
980,Mitchell,Lapthorn,75
981,Ethelyn,Tisor,37
982,Claudell,Romaynes,55
983,Jesselyn,Speedin,73
984,Brigitte,McGaughay,79
985,Malvin,Pyott,65
986,Kial,Elwin,52
987,Regine,L'oiseau,47
988,Nalani,Hickisson,48
989,Galen,McNicol,39
990,Fredek,Myderscough,33
991,Verena,Stear,46
992,Kristina,Ninnoli,53
993,Brianne,Dewett,32
994,Herbie,Thynne,22
995,Eugenie,Allon,22
996,Duffie,Leverton,30
997,Mill,Blunsen,35
998,Packston,Alwood,70
999,Eliot,Lalonde,66
1000,Florette,Saggs,42
